
  
  [ { "id": 1, "firstName": "Jameson", "lastName": "Kirk","birthday": "4/8/1985",
    "gender": "male", "maritalStatus": "single","salary": 70000},
    {"id": 2,"firstName": "Janne","lastName": "Doeson","birthday": "2/2/1980",
    "gender": "female", "maritalStatus": "married","salary": 110000},
    {"id": 3,"firstName": "Joy","lastName": "Greg","birthday": "11/10/1975",
    "gender": "female", "maritalStatus": "single","salary": 62000},
    {"id": 4,"firstName": "Kerry","lastName": "Dush","birthday": "6/18/1970",
    "gender": "male", "maritalStatus": "married","salary": 80000},
    {"id": 5,"firstName": "Leslie","lastName": "Leslison","birthday": "9/3/1965",
    "gender": "female", "maritalStatus": "married","salary": 100000},
    {"id": 6,"firstName": "Ben","lastName": "Gerrard","birthday": "9/3/1960",
    "gender": "male", "maritalStatus": "single","salary": 100200} ]
    
